INSERT INTO public.member (member_id, name, email, phone_number, registration_date) VALUES ('fbf6fb1e-b1d3-48c8-b235-30e517a69426', 'Clark Kent', 'clasrk@kent.cz', '607437654', '2020-03-17 10:24:27.040539');
INSERT INTO public.member (member_id, name, email, phone_number, registration_date) VALUES ('f9904ca8-5df1-4f49-ba2e-58cbb8632c5e', 'Bruce Wayne', 'bruce@wayne.cz', '607437654', '2020-03-17 10:24:27.067243');
INSERT INTO public.member (member_id, name, email, phone_number, registration_date) VALUES ('955c091c-53dd-4993-8987-92f36698f0e6', 'Steven Rogers', 'steven@rogers.cz', '607087654', '2020-03-17 10:24:27.093175');
INSERT INTO public.member (member_id, name, email, phone_number, registration_date) VALUES ('7fec7fa9-04f4-4490-8233-2e79c249714c', 'Matthew Murdock', 'mattew@murdock.cz', '60867654', '2020-03-17 10:24:27.162548');
INSERT INTO public.member (member_id, name, email, phone_number, registration_date) VALUES ('4cb67dcd-22e9-4397-8f50-f20e54fdbbf9', 'Tony Stark', 'tony@stark.cz', '607478954', '2020-03-17 10:24:27.211543');
INSERT INTO public.member (member_id, name, email, phone_number, registration_date) VALUES ('9af14c6a-f63b-409a-859d-27493c403a5a', 'Peter Parker', 'peter@parker.cz', '607876345', '2020-03-17 10:24:27.276776');
INSERT INTO public.member (member_id, name, email, phone_number, registration_date) VALUES ('598bb831-c3b0-4713-8b74-7dc320e4cdfa', 'Stephen Strange', 'stephen@strange.cz', '607098674', '2020-03-17 10:24:27.316163');
INSERT INTO public.member (member_id, name, email, phone_number, registration_date) VALUES ('6944b4f4-cdac-42c1-a1a3-6f74aa3bd857', 'Loki Laufeyson', 'loki@laufeyson.cz', '607123894', '2020-03-17 10:24:27.385506');
INSERT INTO public.member (member_id, name, email, phone_number, registration_date) VALUES ('830879d9-abfc-4342-90e5-d497fc935099', 'Alec Holland', 'alec@holland.cz', '607987098', '2020-03-17 10:24:27.447324');
INSERT INTO public.member (member_id, name, email, phone_number, registration_date) VALUES ('49e1e23b-0e53-4cd1-8c27-560a2d147dd1', 'Billy Batson', 'billy@batson.cz', '607342543', '2020-03-17 10:24:27.484984');
INSERT INTO public.member (member_id, name, email, phone_number, registration_date) VALUES ('67926899-011e-4d61-9423-f95e0383cdb0', 'Natalia Romanova', 'natalia@romanova.cz', '607786654', '2020-03-17 10:24:27.525619');
INSERT INTO public.member (member_id, name, email, phone_number, registration_date) VALUES ('cce460f4-06d5-4cd0-a709-de4aa73f02bc', 'Hank Pym', 'hank@pym.cz', '6073433434', '2020-03-17 10:24:27.558343');
INSERT INTO public.member (member_id, name, email, phone_number, registration_date) VALUES ('54e94add-ac88-418d-9527-84a45c9dce13', 'Sue Storm', 'sue@storm.cz', '607564555', '2020-03-17 10:24:27.619083');
INSERT INTO public.member (member_id, name, email, phone_number, registration_date) VALUES ('1c3df9c3-4a1f-4705-ab5a-4650edc7f71a', 'Johny Storm', 'johny@storm.cz', '607768967', '2020-03-17 10:24:27.657187');
INSERT INTO public.member (member_id, name, email, phone_number, registration_date) VALUES ('fe5582e3-d6ce-4438-b4e8-6fd17b98a8b1', 'Ben Grimm', 'ben@grimm.cz', '607789000', '2020-03-17 10:24:27.731439');
INSERT INTO public.member (member_id, name, email, phone_number, registration_date) VALUES ('01926f4d-8824-43f8-927e-ac303a2ef50b', 'Clint Barton', 'clint@barton.cz', '607765676', '2020-03-17 10:24:27.791336');
INSERT INTO public.member (member_id, name, email, phone_number, registration_date) VALUES ('48c7dcd5-f692-4a67-bb88-cf2e3bc1c647', 'Bruce Banner', 'bruce@banner.cz', '607437656', '2020-03-17 10:24:27.836986');
INSERT INTO public.member (member_id, name, email, phone_number, registration_date) VALUES ('580e7c24-64ab-4241-a55a-c4b6b13168d7', 'Logan', 'logan@logan.cz', '607789643', '2020-03-17 10:24:27.905054');
INSERT INTO public.member (member_id, name, email, phone_number, registration_date) VALUES ('97d6e2b1-df13-4d90-81e1-b0d32389aee4', 'Charles Xavier', 'charles@xavier.cz', '607437654', '2020-03-17 10:24:27.967273');
INSERT INTO public.member (member_id, name, email, phone_number, registration_date) VALUES ('36bd58b8-1dd0-49c7-bed6-f0eeec2c4375', 'Jean Grey', 'jean@grey.cz', '607437342', '2020-03-17 10:24:28.035426');

INSERT INTO public.game (game_id, played_at) VALUES ('ffdcce05-f834-45a0-93a4-5cac1404dcb8', '2020-03-17 16:50:20.403230');
INSERT INTO public.game (game_id, played_at) VALUES ('fb1f7dce-7ec7-45de-8c43-22cdfacff419', '2020-03-17 16:07:32.818178');
INSERT INTO public.game (game_id, played_at) VALUES ('fadbb7a5-cd47-4209-9202-2f2d03696d36', '2020-03-17 16:44:09.284342');
INSERT INTO public.game (game_id, played_at) VALUES ('f73338b5-723b-4477-a73a-03f06f4a9685', '2020-03-17 16:11:52.545021');
INSERT INTO public.game (game_id, played_at) VALUES ('f6788b29-82f5-4f60-bcb2-2edeb14dee0a', '2020-03-17 16:47:11.508932');
INSERT INTO public.game (game_id, played_at) VALUES ('f626804b-7853-4a6e-9342-891d18637cad', '2020-03-17 16:07:58.600299');
INSERT INTO public.game (game_id, played_at) VALUES ('f505704e-7c5a-48d5-bab2-f32318775970', '2020-03-17 16:44:56.788296');
INSERT INTO public.game (game_id, played_at) VALUES ('f4d82075-8912-4cc5-b707-a0dab7d980ba', '2020-03-17 16:43:24.147086');
INSERT INTO public.game (game_id, played_at) VALUES ('f4c8720a-8844-49c5-b786-f4b37553a724', '2020-03-17 16:13:00.169649');
INSERT INTO public.game (game_id, played_at) VALUES ('ef509375-e161-40b4-8cbd-9f3e47733491', '2020-03-17 16:12:09.590172');
INSERT INTO public.game (game_id, played_at) VALUES ('e5908cb9-1ffa-441f-8dc5-9cfb234bfb08', '2020-03-17 16:43:09.578616');
INSERT INTO public.game (game_id, played_at) VALUES ('e3564d6d-3a6e-4312-96f5-509bba9bd976', '2020-03-17 16:42:57.891181');
INSERT INTO public.game (game_id, played_at) VALUES ('e0e69827-7b1f-4442-b6bd-4202ca86e33b', '2020-03-17 16:50:29.843511');
INSERT INTO public.game (game_id, played_at) VALUES ('dd6dc97d-11be-4c79-bb59-dd1613a5341b', '2020-03-17 16:45:39.048149');
INSERT INTO public.game (game_id, played_at) VALUES ('d94ceaac-2295-446a-85fb-aa64f170da25', '2020-03-17 16:43:56.262311');
INSERT INTO public.game (game_id, played_at) VALUES ('d300a71b-2148-42e9-a41f-e4a88f83f0e5', '2020-03-17 16:49:57.733199');
INSERT INTO public.game (game_id, played_at) VALUES ('cfec8cd8-75f2-4b89-b5ae-7d42696c2cdd', '2020-03-17 16:50:59.964645');
INSERT INTO public.game (game_id, played_at) VALUES ('cddd7c73-9361-4889-950c-eb1c2d1c9f58', '2020-03-17 16:51:30.463754');
INSERT INTO public.game (game_id, played_at) VALUES ('cda9fd7f-e3a0-4a98-948a-638dcd7d6134', '2020-03-17 16:51:47.512433');
INSERT INTO public.game (game_id, played_at) VALUES ('cc897cdf-621d-493a-ae86-fb2446227dce', '2020-03-17 16:06:47.792726');
INSERT INTO public.game (game_id, played_at) VALUES ('c9f88e61-8c7e-4aa3-9dba-44be9d097c11', '2020-03-17 16:02:34.434444');
INSERT INTO public.game (game_id, played_at) VALUES ('c59b966a-5d25-4c9f-9157-4aca27a1d44c', '2020-03-17 16:09:03.141106');
INSERT INTO public.game (game_id, played_at) VALUES ('bcd4e86b-4a84-4378-aa5c-e85f30ad13b0', '2020-03-17 16:49:30.828137');
INSERT INTO public.game (game_id, played_at) VALUES ('b8e1edf8-25ca-4384-a6cd-0eb5655c583e', '2020-03-17 16:49:06.082102');
INSERT INTO public.game (game_id, played_at) VALUES ('b2cfcc58-90de-4c03-88f1-9c6afeb37632', '2020-03-17 16:42:25.245053');
INSERT INTO public.game (game_id, played_at) VALUES ('b18bd7f0-3582-4166-8768-3c38ca2d551b', '2020-03-17 16:46:01.499771');
INSERT INTO public.game (game_id, played_at) VALUES ('aaf4d02f-8c8e-47e7-aee2-fba5c0866294', '2020-03-17 16:09:53.184663');
INSERT INTO public.game (game_id, played_at) VALUES ('9f0366c2-bed3-4f4a-879b-36e7bc016ecd', '2020-03-17 16:50:07.068258');
INSERT INTO public.game (game_id, played_at) VALUES ('9875d34c-b956-45fa-a6c4-2514693541a9', '2020-03-17 16:46:47.182714');
INSERT INTO public.game (game_id, played_at) VALUES ('8f51e9ff-32f6-4d59-8e91-46712b360bc0', '2020-03-17 16:13:44.695718');
INSERT INTO public.game (game_id, played_at) VALUES ('834a7c3b-3014-4430-916a-5b35eacf4984', '2020-03-17 16:46:59.909465');
INSERT INTO public.game (game_id, played_at) VALUES ('80d1b3ea-56a5-4970-a68a-cb5f9d622516', '2020-03-17 16:48:05.750458');
INSERT INTO public.game (game_id, played_at) VALUES ('808507ba-a38a-4d33-ac45-069f62e2a47d', '2020-03-17 16:47:22.836199');
INSERT INTO public.game (game_id, played_at) VALUES ('6f7604b0-84d4-4390-a98c-0ea3a6dfaf42', '2020-03-17 16:53:33.147729');
INSERT INTO public.game (game_id, played_at) VALUES ('6c58830f-736a-45df-a00d-3f48a3e91774', '2020-03-17 16:09:35.872353');
INSERT INTO public.game (game_id, played_at) VALUES ('6bb009c4-8a9a-4a45-bc32-e3af4673e454', '2020-03-17 16:10:02.862005');
INSERT INTO public.game (game_id, played_at) VALUES ('685eff68-81a3-4ab5-92b4-9e29ec3f2ab6', '2020-03-17 16:52:37.734410');
INSERT INTO public.game (game_id, played_at) VALUES ('6326e527-84b9-4cd9-8117-8ef7c06d0db6', '2020-03-17 16:44:42.350086');
INSERT INTO public.game (game_id, played_at) VALUES ('62a51d29-1921-4adf-bdb8-b7bafb734977', '2020-03-17 16:42:38.781041');
INSERT INTO public.game (game_id, played_at) VALUES ('60c5a05a-0450-4bbc-84a9-c41d9bd9293c', '2020-03-17 16:50:39.247795');
INSERT INTO public.game (game_id, played_at) VALUES ('5e8dbc08-b8dc-492e-9bdf-a7b9807a0395', '2020-03-17 16:51:57.819218');
INSERT INTO public.game (game_id, played_at) VALUES ('5d063472-a8b0-45cf-b56a-a77ead81f820', '2020-03-17 16:47:39.183839');
INSERT INTO public.game (game_id, played_at) VALUES ('59cb6236-6700-4a3a-acfd-73a76d469529', '2020-03-17 16:53:40.853887');
INSERT INTO public.game (game_id, played_at) VALUES ('5665dd10-db0d-483c-9368-9fff73d148f1', '2020-03-17 16:52:07.397884');
INSERT INTO public.game (game_id, played_at) VALUES ('561c4c4a-6b78-415e-9a8e-49a5c64528b6', '2020-03-17 16:53:46.931784');
INSERT INTO public.game (game_id, played_at) VALUES ('525bcae8-4427-4716-acc2-3fd882d413bb', '2020-03-17 16:12:41.548925');
INSERT INTO public.game (game_id, played_at) VALUES ('4c7c4a34-9ac4-438d-bb9a-36a764b8bcf8', '2020-03-17 16:07:46.682392');
INSERT INTO public.game (game_id, played_at) VALUES ('4c4f6160-84f2-4c46-8696-1bbed2aa6cc3', '2020-03-17 16:12:27.433826');
INSERT INTO public.game (game_id, played_at) VALUES ('45505b1e-c7c6-43e7-bd20-9bbf7b02cbc7', '2020-03-17 16:49:41.070591');
INSERT INTO public.game (game_id, played_at) VALUES ('3977352f-c3f3-4917-acb0-8b403cdf39b5', '2020-03-17 16:51:38.230703');
INSERT INTO public.game (game_id, played_at) VALUES ('37c596a4-ebd4-4a5b-8aa3-b68f765f1105', '2020-03-17 16:49:18.979346');
INSERT INTO public.game (game_id, played_at) VALUES ('36e3dadf-ca4f-4504-8d55-f83cf3e33baf', '2020-03-17 16:46:21.154081');
INSERT INTO public.game (game_id, played_at) VALUES ('2ef72d68-e4da-4117-9a1f-be3d488c2d8e', '2020-03-17 16:52:31.033977');
INSERT INTO public.game (game_id, played_at) VALUES ('25154165-0e70-4533-8f2f-999074c9d7bc', '2020-03-17 16:42:11.510342');
INSERT INTO public.game (game_id, played_at) VALUES ('23c199e5-6463-404c-96c1-fd3dfc64966d', '2020-03-17 16:45:48.381334');
INSERT INTO public.game (game_id, played_at) VALUES ('23b4194c-3fe6-4466-8e4b-d127a227c119', '2020-03-17 16:48:32.400277');
INSERT INTO public.game (game_id, played_at) VALUES ('2392c23d-e59a-4fae-97f3-fc2eb4180b92', '2020-03-17 16:52:51.491512');
INSERT INTO public.game (game_id, played_at) VALUES ('223c211d-6d7f-45eb-853a-ae4ca098c944', '2020-03-17 16:52:21.718718');
INSERT INTO public.game (game_id, played_at) VALUES ('1fb4c63c-7330-4e91-aa45-f6e9b563fe58', '2020-03-17 16:13:18.916654');
INSERT INTO public.game (game_id, played_at) VALUES ('1711be0b-bb0c-4c78-a0aa-886552e13232', '2020-03-17 16:44:26.168045');
INSERT INTO public.game (game_id, played_at) VALUES ('157569ad-87e1-4dff-8766-2296377b3e79', '2020-03-17 16:54:00.213983');
INSERT INTO public.game (game_id, played_at) VALUES ('14a62cef-35a5-4370-9a16-fbd7eee75036', '2020-03-17 16:08:09.786728');
INSERT INTO public.game (game_id, played_at) VALUES ('13e1476d-d3f0-4db2-9017-e9c0557666d8', '2020-03-17 16:08:48.810984');
INSERT INTO public.game (game_id, played_at) VALUES ('11c8e94a-5c54-440a-b18f-64ae75a29f3b', '2020-03-17 16:53:12.139992');
INSERT INTO public.game (game_id, played_at) VALUES ('1197eeeb-fef2-4dfb-9041-2c4abf784268', '2020-03-17 16:06:22.961199');
INSERT INTO public.game (game_id, played_at) VALUES ('103c401f-31dd-4cd3-b273-c034ed40455b', '2020-03-17 16:09:17.800579');


INSERT INTO public.score (member_id, game_id, score, winner) VALUES ('36bd58b8-1dd0-49c7-bed6-f0eeec2c4375', 'c9f88e61-8c7e-4aa3-9dba-44be9d097c11', 54, true);
INSERT INTO public.score (member_id, game_id, score, winner) VALUES ('97d6e2b1-df13-4d90-81e1-b0d32389aee4', 'c9f88e61-8c7e-4aa3-9dba-44be9d097c11', 35, false);
INSERT INTO public.score (member_id, game_id, score, winner) VALUES ('36bd58b8-1dd0-49c7-bed6-f0eeec2c4375', '1197eeeb-fef2-4dfb-9041-2c4abf784268', 87, true);
INSERT INTO public.score (member_id, game_id, score, winner) VALUES ('955c091c-53dd-4993-8987-92f36698f0e6', '1197eeeb-fef2-4dfb-9041-2c4abf784268', 46, false);
INSERT INTO public.score (member_id, game_id, score, winner) VALUES ('36bd58b8-1dd0-49c7-bed6-f0eeec2c4375', 'cc897cdf-621d-493a-ae86-fb2446227dce', 87, true);
INSERT INTO public.score (member_id, game_id, score, winner) VALUES ('7fec7fa9-04f4-4490-8233-2e79c249714c', 'cc897cdf-621d-493a-ae86-fb2446227dce', 56, false);
INSERT INTO public.score (member_id, game_id, score, winner) VALUES ('36bd58b8-1dd0-49c7-bed6-f0eeec2c4375', 'fb1f7dce-7ec7-45de-8c43-22cdfacff419', 86, true);
INSERT INTO public.score (member_id, game_id, score, winner) VALUES ('4cb67dcd-22e9-4397-8f50-f20e54fdbbf9', 'fb1f7dce-7ec7-45de-8c43-22cdfacff419', 31, false);
INSERT INTO public.score (member_id, game_id, score, winner) VALUES ('36bd58b8-1dd0-49c7-bed6-f0eeec2c4375', '4c7c4a34-9ac4-438d-bb9a-36a764b8bcf8', 86, true);
INSERT INTO public.score (member_id, game_id, score, winner) VALUES ('9af14c6a-f63b-409a-859d-27493c403a5a', '4c7c4a34-9ac4-438d-bb9a-36a764b8bcf8', 31, false);
INSERT INTO public.score (member_id, game_id, score, winner) VALUES ('36bd58b8-1dd0-49c7-bed6-f0eeec2c4375', 'f626804b-7853-4a6e-9342-891d18637cad', 86, true);
INSERT INTO public.score (member_id, game_id, score, winner) VALUES ('9af14c6a-f63b-409a-859d-27493c403a5a', 'f626804b-7853-4a6e-9342-891d18637cad', 31, false);
INSERT INTO public.score (member_id, game_id, score, winner) VALUES ('36bd58b8-1dd0-49c7-bed6-f0eeec2c4375', '14a62cef-35a5-4370-9a16-fbd7eee75036', 97, true);
INSERT INTO public.score (member_id, game_id, score, winner) VALUES ('598bb831-c3b0-4713-8b74-7dc320e4cdfa', '14a62cef-35a5-4370-9a16-fbd7eee75036', 31, false);
INSERT INTO public.score (member_id, game_id, score, winner) VALUES ('830879d9-abfc-4342-90e5-d497fc935099', '13e1476d-d3f0-4db2-9017-e9c0557666d8', 97, true);
INSERT INTO public.score (member_id, game_id, score, winner) VALUES ('36bd58b8-1dd0-49c7-bed6-f0eeec2c4375', '13e1476d-d3f0-4db2-9017-e9c0557666d8', 31, false);
INSERT INTO public.score (member_id, game_id, score, winner) VALUES ('49e1e23b-0e53-4cd1-8c27-560a2d147dd1', 'c59b966a-5d25-4c9f-9157-4aca27a1d44c', 54, true);
INSERT INTO public.score (member_id, game_id, score, winner) VALUES ('36bd58b8-1dd0-49c7-bed6-f0eeec2c4375', 'c59b966a-5d25-4c9f-9157-4aca27a1d44c', 31, false);
INSERT INTO public.score (member_id, game_id, score, winner) VALUES ('67926899-011e-4d61-9423-f95e0383cdb0', '103c401f-31dd-4cd3-b273-c034ed40455b', 65, true);
INSERT INTO public.score (member_id, game_id, score, winner) VALUES ('36bd58b8-1dd0-49c7-bed6-f0eeec2c4375', '103c401f-31dd-4cd3-b273-c034ed40455b', 27, false);
INSERT INTO public.score (member_id, game_id, score, winner) VALUES ('cce460f4-06d5-4cd0-a709-de4aa73f02bc', '6c58830f-736a-45df-a00d-3f48a3e91774', 65, true);
INSERT INTO public.score (member_id, game_id, score, winner) VALUES ('36bd58b8-1dd0-49c7-bed6-f0eeec2c4375', '6c58830f-736a-45df-a00d-3f48a3e91774', 59, false);
INSERT INTO public.score (member_id, game_id, score, winner) VALUES ('cce460f4-06d5-4cd0-a709-de4aa73f02bc', 'aaf4d02f-8c8e-47e7-aee2-fba5c0866294', 65, true);
INSERT INTO public.score (member_id, game_id, score, winner) VALUES ('f9904ca8-5df1-4f49-ba2e-58cbb8632c5e', 'aaf4d02f-8c8e-47e7-aee2-fba5c0866294', 59, false);
INSERT INTO public.score (member_id, game_id, score, winner) VALUES ('598bb831-c3b0-4713-8b74-7dc320e4cdfa', '6bb009c4-8a9a-4a45-bc32-e3af4673e454', 65, true);
INSERT INTO public.score (member_id, game_id, score, winner) VALUES ('f9904ca8-5df1-4f49-ba2e-58cbb8632c5e', '6bb009c4-8a9a-4a45-bc32-e3af4673e454', 59, false);
INSERT INTO public.score (member_id, game_id, score, winner) VALUES ('580e7c24-64ab-4241-a55a-c4b6b13168d7', 'f73338b5-723b-4477-a73a-03f06f4a9685', 86, true);
INSERT INTO public.score (member_id, game_id, score, winner) VALUES ('f9904ca8-5df1-4f49-ba2e-58cbb8632c5e', 'f73338b5-723b-4477-a73a-03f06f4a9685', 45, false);
INSERT INTO public.score (member_id, game_id, score, winner) VALUES ('cce460f4-06d5-4cd0-a709-de4aa73f02bc', 'ef509375-e161-40b4-8cbd-9f3e47733491', 65, true);
INSERT INTO public.score (member_id, game_id, score, winner) VALUES ('f9904ca8-5df1-4f49-ba2e-58cbb8632c5e', 'ef509375-e161-40b4-8cbd-9f3e47733491', 45, false);
INSERT INTO public.score (member_id, game_id, score, winner) VALUES ('830879d9-abfc-4342-90e5-d497fc935099', '4c4f6160-84f2-4c46-8696-1bbed2aa6cc3', 56, true);
INSERT INTO public.score (member_id, game_id, score, winner) VALUES ('f9904ca8-5df1-4f49-ba2e-58cbb8632c5e', '4c4f6160-84f2-4c46-8696-1bbed2aa6cc3', 55, false);
INSERT INTO public.score (member_id, game_id, score, winner) VALUES ('4cb67dcd-22e9-4397-8f50-f20e54fdbbf9', '525bcae8-4427-4716-acc2-3fd882d413bb', 80, true);
INSERT INTO public.score (member_id, game_id, score, winner) VALUES ('f9904ca8-5df1-4f49-ba2e-58cbb8632c5e', '525bcae8-4427-4716-acc2-3fd882d413bb', 55, false);
INSERT INTO public.score (member_id, game_id, score, winner) VALUES ('f9904ca8-5df1-4f49-ba2e-58cbb8632c5e', 'f4c8720a-8844-49c5-b786-f4b37553a724', 80, true);
INSERT INTO public.score (member_id, game_id, score, winner) VALUES ('01926f4d-8824-43f8-927e-ac303a2ef50b', 'f4c8720a-8844-49c5-b786-f4b37553a724', 55, false);
INSERT INTO public.score (member_id, game_id, score, winner) VALUES ('f9904ca8-5df1-4f49-ba2e-58cbb8632c5e', '1fb4c63c-7330-4e91-aa45-f6e9b563fe58', 75, true);
INSERT INTO public.score (member_id, game_id, score, winner) VALUES ('48c7dcd5-f692-4a67-bb88-cf2e3bc1c647', '1fb4c63c-7330-4e91-aa45-f6e9b563fe58', 35, false);
INSERT INTO public.score (member_id, game_id, score, winner) VALUES ('f9904ca8-5df1-4f49-ba2e-58cbb8632c5e', '8f51e9ff-32f6-4d59-8e91-46712b360bc0', 67, true);
INSERT INTO public.score (member_id, game_id, score, winner) VALUES ('580e7c24-64ab-4241-a55a-c4b6b13168d7', '8f51e9ff-32f6-4d59-8e91-46712b360bc0', 35, false);
INSERT INTO public.score (member_id, game_id, score, winner) VALUES ('f9904ca8-5df1-4f49-ba2e-58cbb8632c5e', '25154165-0e70-4533-8f2f-999074c9d7bc', 87, true);
INSERT INTO public.score (member_id, game_id, score, winner) VALUES ('955c091c-53dd-4993-8987-92f36698f0e6', '25154165-0e70-4533-8f2f-999074c9d7bc', 23, false);
INSERT INTO public.score (member_id, game_id, score, winner) VALUES ('97d6e2b1-df13-4d90-81e1-b0d32389aee4', 'b2cfcc58-90de-4c03-88f1-9c6afeb37632', 87, true);
INSERT INTO public.score (member_id, game_id, score, winner) VALUES ('955c091c-53dd-4993-8987-92f36698f0e6', 'b2cfcc58-90de-4c03-88f1-9c6afeb37632', 23, false);
INSERT INTO public.score (member_id, game_id, score, winner) VALUES ('36bd58b8-1dd0-49c7-bed6-f0eeec2c4375', '62a51d29-1921-4adf-bdb8-b7bafb734977', 45, true);
INSERT INTO public.score (member_id, game_id, score, winner) VALUES ('955c091c-53dd-4993-8987-92f36698f0e6', '62a51d29-1921-4adf-bdb8-b7bafb734977', 23, false);
INSERT INTO public.score (member_id, game_id, score, winner) VALUES ('7fec7fa9-04f4-4490-8233-2e79c249714c', 'e3564d6d-3a6e-4312-96f5-509bba9bd976', 98, true);
INSERT INTO public.score (member_id, game_id, score, winner) VALUES ('955c091c-53dd-4993-8987-92f36698f0e6', 'e3564d6d-3a6e-4312-96f5-509bba9bd976', 45, false);
INSERT INTO public.score (member_id, game_id, score, winner) VALUES ('9af14c6a-f63b-409a-859d-27493c403a5a', 'e5908cb9-1ffa-441f-8dc5-9cfb234bfb08', 98, true);
INSERT INTO public.score (member_id, game_id, score, winner) VALUES ('955c091c-53dd-4993-8987-92f36698f0e6', 'e5908cb9-1ffa-441f-8dc5-9cfb234bfb08', 45, false);
INSERT INTO public.score (member_id, game_id, score, winner) VALUES ('598bb831-c3b0-4713-8b74-7dc320e4cdfa', 'f4d82075-8912-4cc5-b707-a0dab7d980ba', 99, true);
INSERT INTO public.score (member_id, game_id, score, winner) VALUES ('955c091c-53dd-4993-8987-92f36698f0e6', 'f4d82075-8912-4cc5-b707-a0dab7d980ba', 76, false);
INSERT INTO public.score (member_id, game_id, score, winner) VALUES ('598bb831-c3b0-4713-8b74-7dc320e4cdfa', 'd94ceaac-2295-446a-85fb-aa64f170da25', 65, true);
INSERT INTO public.score (member_id, game_id, score, winner) VALUES ('67926899-011e-4d61-9423-f95e0383cdb0', 'd94ceaac-2295-446a-85fb-aa64f170da25', 46, false);
INSERT INTO public.score (member_id, game_id, score, winner) VALUES ('598bb831-c3b0-4713-8b74-7dc320e4cdfa', 'fadbb7a5-cd47-4209-9202-2f2d03696d36', 65, true);
INSERT INTO public.score (member_id, game_id, score, winner) VALUES ('1c3df9c3-4a1f-4705-ab5a-4650edc7f71a', 'fadbb7a5-cd47-4209-9202-2f2d03696d36', 46, false);
INSERT INTO public.score (member_id, game_id, score, winner) VALUES ('955c091c-53dd-4993-8987-92f36698f0e6', '1711be0b-bb0c-4c78-a0aa-886552e13232', 65, true);
INSERT INTO public.score (member_id, game_id, score, winner) VALUES ('1c3df9c3-4a1f-4705-ab5a-4650edc7f71a', '1711be0b-bb0c-4c78-a0aa-886552e13232', 46, false);
INSERT INTO public.score (member_id, game_id, score, winner) VALUES ('955c091c-53dd-4993-8987-92f36698f0e6', '6326e527-84b9-4cd9-8117-8ef7c06d0db6', 71, true);
INSERT INTO public.score (member_id, game_id, score, winner) VALUES ('580e7c24-64ab-4241-a55a-c4b6b13168d7', '6326e527-84b9-4cd9-8117-8ef7c06d0db6', 46, false);
INSERT INTO public.score (member_id, game_id, score, winner) VALUES ('955c091c-53dd-4993-8987-92f36698f0e6', 'f505704e-7c5a-48d5-bab2-f32318775970', 71, true);
INSERT INTO public.score (member_id, game_id, score, winner) VALUES ('36bd58b8-1dd0-49c7-bed6-f0eeec2c4375', 'f505704e-7c5a-48d5-bab2-f32318775970', 54, false);
INSERT INTO public.score (member_id, game_id, score, winner) VALUES ('1c3df9c3-4a1f-4705-ab5a-4650edc7f71a', 'dd6dc97d-11be-4c79-bb59-dd1613a5341b', 71, true);
INSERT INTO public.score (member_id, game_id, score, winner) VALUES ('598bb831-c3b0-4713-8b74-7dc320e4cdfa', 'dd6dc97d-11be-4c79-bb59-dd1613a5341b', 54, false);
INSERT INTO public.score (member_id, game_id, score, winner) VALUES ('955c091c-53dd-4993-8987-92f36698f0e6', '23c199e5-6463-404c-96c1-fd3dfc64966d', 71, true);
INSERT INTO public.score (member_id, game_id, score, winner) VALUES ('598bb831-c3b0-4713-8b74-7dc320e4cdfa', '23c199e5-6463-404c-96c1-fd3dfc64966d', 54, false);
INSERT INTO public.score (member_id, game_id, score, winner) VALUES ('f9904ca8-5df1-4f49-ba2e-58cbb8632c5e', 'b18bd7f0-3582-4166-8768-3c38ca2d551b', 87, true);
INSERT INTO public.score (member_id, game_id, score, winner) VALUES ('598bb831-c3b0-4713-8b74-7dc320e4cdfa', 'b18bd7f0-3582-4166-8768-3c38ca2d551b', 54, false);
INSERT INTO public.score (member_id, game_id, score, winner) VALUES ('6944b4f4-cdac-42c1-a1a3-6f74aa3bd857', '36e3dadf-ca4f-4504-8d55-f83cf3e33baf', 45, true);
INSERT INTO public.score (member_id, game_id, score, winner) VALUES ('598bb831-c3b0-4713-8b74-7dc320e4cdfa', '36e3dadf-ca4f-4504-8d55-f83cf3e33baf', 32, false);
INSERT INTO public.score (member_id, game_id, score, winner) VALUES ('580e7c24-64ab-4241-a55a-c4b6b13168d7', '9875d34c-b956-45fa-a6c4-2514693541a9', 76, true);
INSERT INTO public.score (member_id, game_id, score, winner) VALUES ('598bb831-c3b0-4713-8b74-7dc320e4cdfa', '9875d34c-b956-45fa-a6c4-2514693541a9', 48, false);
INSERT INTO public.score (member_id, game_id, score, winner) VALUES ('580e7c24-64ab-4241-a55a-c4b6b13168d7', '834a7c3b-3014-4430-916a-5b35eacf4984', 76, true);
INSERT INTO public.score (member_id, game_id, score, winner) VALUES ('9af14c6a-f63b-409a-859d-27493c403a5a', '834a7c3b-3014-4430-916a-5b35eacf4984', 48, false);
INSERT INTO public.score (member_id, game_id, score, winner) VALUES ('580e7c24-64ab-4241-a55a-c4b6b13168d7', 'f6788b29-82f5-4f60-bcb2-2edeb14dee0a', 76, true);
INSERT INTO public.score (member_id, game_id, score, winner) VALUES ('1c3df9c3-4a1f-4705-ab5a-4650edc7f71a', 'f6788b29-82f5-4f60-bcb2-2edeb14dee0a', 48, false);
INSERT INTO public.score (member_id, game_id, score, winner) VALUES ('580e7c24-64ab-4241-a55a-c4b6b13168d7', '808507ba-a38a-4d33-ac45-069f62e2a47d', 76, true);
INSERT INTO public.score (member_id, game_id, score, winner) VALUES ('cce460f4-06d5-4cd0-a709-de4aa73f02bc', '808507ba-a38a-4d33-ac45-069f62e2a47d', 48, false);
INSERT INTO public.score (member_id, game_id, score, winner) VALUES ('580e7c24-64ab-4241-a55a-c4b6b13168d7', '5d063472-a8b0-45cf-b56a-a77ead81f820', 76, true);
INSERT INTO public.score (member_id, game_id, score, winner) VALUES ('7fec7fa9-04f4-4490-8233-2e79c249714c', '5d063472-a8b0-45cf-b56a-a77ead81f820', 48, false);
INSERT INTO public.score (member_id, game_id, score, winner) VALUES ('cce460f4-06d5-4cd0-a709-de4aa73f02bc', '80d1b3ea-56a5-4970-a68a-cb5f9d622516', 76, true);
INSERT INTO public.score (member_id, game_id, score, winner) VALUES ('580e7c24-64ab-4241-a55a-c4b6b13168d7', '80d1b3ea-56a5-4970-a68a-cb5f9d622516', 48, false);
INSERT INTO public.score (member_id, game_id, score, winner) VALUES ('97d6e2b1-df13-4d90-81e1-b0d32389aee4', '23b4194c-3fe6-4466-8e4b-d127a227c119', 76, true);
INSERT INTO public.score (member_id, game_id, score, winner) VALUES ('580e7c24-64ab-4241-a55a-c4b6b13168d7', '23b4194c-3fe6-4466-8e4b-d127a227c119', 48, false);
INSERT INTO public.score (member_id, game_id, score, winner) VALUES ('97d6e2b1-df13-4d90-81e1-b0d32389aee4', 'b8e1edf8-25ca-4384-a6cd-0eb5655c583e', 76, true);
INSERT INTO public.score (member_id, game_id, score, winner) VALUES ('cce460f4-06d5-4cd0-a709-de4aa73f02bc', 'b8e1edf8-25ca-4384-a6cd-0eb5655c583e', 48, false);
INSERT INTO public.score (member_id, game_id, score, winner) VALUES ('9af14c6a-f63b-409a-859d-27493c403a5a', '37c596a4-ebd4-4a5b-8aa3-b68f765f1105', 76, true);
INSERT INTO public.score (member_id, game_id, score, winner) VALUES ('cce460f4-06d5-4cd0-a709-de4aa73f02bc', '37c596a4-ebd4-4a5b-8aa3-b68f765f1105', 48, false);
INSERT INTO public.score (member_id, game_id, score, winner) VALUES ('67926899-011e-4d61-9423-f95e0383cdb0', 'bcd4e86b-4a84-4378-aa5c-e85f30ad13b0', 76, true);
INSERT INTO public.score (member_id, game_id, score, winner) VALUES ('cce460f4-06d5-4cd0-a709-de4aa73f02bc', 'bcd4e86b-4a84-4378-aa5c-e85f30ad13b0', 48, false);
INSERT INTO public.score (member_id, game_id, score, winner) VALUES ('67926899-011e-4d61-9423-f95e0383cdb0', '45505b1e-c7c6-43e7-bd20-9bbf7b02cbc7', 76, true);
INSERT INTO public.score (member_id, game_id, score, winner) VALUES ('97d6e2b1-df13-4d90-81e1-b0d32389aee4', '45505b1e-c7c6-43e7-bd20-9bbf7b02cbc7', 48, false);
INSERT INTO public.score (member_id, game_id, score, winner) VALUES ('67926899-011e-4d61-9423-f95e0383cdb0', 'd300a71b-2148-42e9-a41f-e4a88f83f0e5', 77, true);
INSERT INTO public.score (member_id, game_id, score, winner) VALUES ('97d6e2b1-df13-4d90-81e1-b0d32389aee4', 'd300a71b-2148-42e9-a41f-e4a88f83f0e5', 48, false);
INSERT INTO public.score (member_id, game_id, score, winner) VALUES ('7fec7fa9-04f4-4490-8233-2e79c249714c', '9f0366c2-bed3-4f4a-879b-36e7bc016ecd', 77, true);
INSERT INTO public.score (member_id, game_id, score, winner) VALUES ('97d6e2b1-df13-4d90-81e1-b0d32389aee4', '9f0366c2-bed3-4f4a-879b-36e7bc016ecd', 48, false);
INSERT INTO public.score (member_id, game_id, score, winner) VALUES ('7fec7fa9-04f4-4490-8233-2e79c249714c', 'ffdcce05-f834-45a0-93a4-5cac1404dcb8', 77, true);
INSERT INTO public.score (member_id, game_id, score, winner) VALUES ('97d6e2b1-df13-4d90-81e1-b0d32389aee4', 'ffdcce05-f834-45a0-93a4-5cac1404dcb8', 48, false);
INSERT INTO public.score (member_id, game_id, score, winner) VALUES ('cce460f4-06d5-4cd0-a709-de4aa73f02bc', 'e0e69827-7b1f-4442-b6bd-4202ca86e33b', 77, true);
INSERT INTO public.score (member_id, game_id, score, winner) VALUES ('97d6e2b1-df13-4d90-81e1-b0d32389aee4', 'e0e69827-7b1f-4442-b6bd-4202ca86e33b', 48, false);
INSERT INTO public.score (member_id, game_id, score, winner) VALUES ('cce460f4-06d5-4cd0-a709-de4aa73f02bc', '60c5a05a-0450-4bbc-84a9-c41d9bd9293c', 77, true);
INSERT INTO public.score (member_id, game_id, score, winner) VALUES ('9af14c6a-f63b-409a-859d-27493c403a5a', '60c5a05a-0450-4bbc-84a9-c41d9bd9293c', 48, false);
INSERT INTO public.score (member_id, game_id, score, winner) VALUES ('cce460f4-06d5-4cd0-a709-de4aa73f02bc', 'cfec8cd8-75f2-4b89-b5ae-7d42696c2cdd', 77, true);
INSERT INTO public.score (member_id, game_id, score, winner) VALUES ('67926899-011e-4d61-9423-f95e0383cdb0', 'cfec8cd8-75f2-4b89-b5ae-7d42696c2cdd', 48, false);
INSERT INTO public.score (member_id, game_id, score, winner) VALUES ('67926899-011e-4d61-9423-f95e0383cdb0', 'cddd7c73-9361-4889-950c-eb1c2d1c9f58', 77, true);
INSERT INTO public.score (member_id, game_id, score, winner) VALUES ('9af14c6a-f63b-409a-859d-27493c403a5a', 'cddd7c73-9361-4889-950c-eb1c2d1c9f58', 48, false);
INSERT INTO public.score (member_id, game_id, score, winner) VALUES ('7fec7fa9-04f4-4490-8233-2e79c249714c', '3977352f-c3f3-4917-acb0-8b403cdf39b5', 77, true);
INSERT INTO public.score (member_id, game_id, score, winner) VALUES ('9af14c6a-f63b-409a-859d-27493c403a5a', '3977352f-c3f3-4917-acb0-8b403cdf39b5', 48, false);
INSERT INTO public.score (member_id, game_id, score, winner) VALUES ('7fec7fa9-04f4-4490-8233-2e79c249714c', 'cda9fd7f-e3a0-4a98-948a-638dcd7d6134', 77, true);
INSERT INTO public.score (member_id, game_id, score, winner) VALUES ('97d6e2b1-df13-4d90-81e1-b0d32389aee4', 'cda9fd7f-e3a0-4a98-948a-638dcd7d6134', 48, false);
INSERT INTO public.score (member_id, game_id, score, winner) VALUES ('7fec7fa9-04f4-4490-8233-2e79c249714c', '5e8dbc08-b8dc-492e-9bdf-a7b9807a0395', 77, true);
INSERT INTO public.score (member_id, game_id, score, winner) VALUES ('9af14c6a-f63b-409a-859d-27493c403a5a', '5e8dbc08-b8dc-492e-9bdf-a7b9807a0395', 48, false);
INSERT INTO public.score (member_id, game_id, score, winner) VALUES ('7fec7fa9-04f4-4490-8233-2e79c249714c', '5665dd10-db0d-483c-9368-9fff73d148f1', 77, true);
INSERT INTO public.score (member_id, game_id, score, winner) VALUES ('9af14c6a-f63b-409a-859d-27493c403a5a', '5665dd10-db0d-483c-9368-9fff73d148f1', 48, false);
INSERT INTO public.score (member_id, game_id, score, winner) VALUES ('7fec7fa9-04f4-4490-8233-2e79c249714c', '223c211d-6d7f-45eb-853a-ae4ca098c944', 77, true);
INSERT INTO public.score (member_id, game_id, score, winner) VALUES ('830879d9-abfc-4342-90e5-d497fc935099', '223c211d-6d7f-45eb-853a-ae4ca098c944', 48, false);
INSERT INTO public.score (member_id, game_id, score, winner) VALUES ('1c3df9c3-4a1f-4705-ab5a-4650edc7f71a', '2ef72d68-e4da-4117-9a1f-be3d488c2d8e', 77, true);
INSERT INTO public.score (member_id, game_id, score, winner) VALUES ('830879d9-abfc-4342-90e5-d497fc935099', '2ef72d68-e4da-4117-9a1f-be3d488c2d8e', 48, false);
INSERT INTO public.score (member_id, game_id, score, winner) VALUES ('1c3df9c3-4a1f-4705-ab5a-4650edc7f71a', '685eff68-81a3-4ab5-92b4-9e29ec3f2ab6', 34, true);
INSERT INTO public.score (member_id, game_id, score, winner) VALUES ('830879d9-abfc-4342-90e5-d497fc935099', '685eff68-81a3-4ab5-92b4-9e29ec3f2ab6', 22, false);
INSERT INTO public.score (member_id, game_id, score, winner) VALUES ('6944b4f4-cdac-42c1-a1a3-6f74aa3bd857', '2392c23d-e59a-4fae-97f3-fc2eb4180b92', 65, true);
INSERT INTO public.score (member_id, game_id, score, winner) VALUES ('830879d9-abfc-4342-90e5-d497fc935099', '2392c23d-e59a-4fae-97f3-fc2eb4180b92', 45, false);
INSERT INTO public.score (member_id, game_id, score, winner) VALUES ('4cb67dcd-22e9-4397-8f50-f20e54fdbbf9', '11c8e94a-5c54-440a-b18f-64ae75a29f3b', 65, true);
INSERT INTO public.score (member_id, game_id, score, winner) VALUES ('830879d9-abfc-4342-90e5-d497fc935099', '11c8e94a-5c54-440a-b18f-64ae75a29f3b', 45, false);
INSERT INTO public.score (member_id, game_id, score, winner) VALUES ('4cb67dcd-22e9-4397-8f50-f20e54fdbbf9', '6f7604b0-84d4-4390-a98c-0ea3a6dfaf42', 65, true);
INSERT INTO public.score (member_id, game_id, score, winner) VALUES ('830879d9-abfc-4342-90e5-d497fc935099', '6f7604b0-84d4-4390-a98c-0ea3a6dfaf42', 45, false);
INSERT INTO public.score (member_id, game_id, score, winner) VALUES ('67926899-011e-4d61-9423-f95e0383cdb0', '59cb6236-6700-4a3a-acfd-73a76d469529', 65, true);
INSERT INTO public.score (member_id, game_id, score, winner) VALUES ('830879d9-abfc-4342-90e5-d497fc935099', '59cb6236-6700-4a3a-acfd-73a76d469529', 45, false);
INSERT INTO public.score (member_id, game_id, score, winner) VALUES ('67926899-011e-4d61-9423-f95e0383cdb0', '561c4c4a-6b78-415e-9a8e-49a5c64528b6', 88, true);
INSERT INTO public.score (member_id, game_id, score, winner) VALUES ('830879d9-abfc-4342-90e5-d497fc935099', '561c4c4a-6b78-415e-9a8e-49a5c64528b6', 45, false);
INSERT INTO public.score (member_id, game_id, score, winner) VALUES ('67926899-011e-4d61-9423-f95e0383cdb0', '157569ad-87e1-4dff-8766-2296377b3e79', 77, true);
INSERT INTO public.score (member_id, game_id, score, winner) VALUES ('1c3df9c3-4a1f-4705-ab5a-4650edc7f71a', '157569ad-87e1-4dff-8766-2296377b3e79', 45, false);
